<?xml version="1.0" encoding="utf-8"?>
<odoo>
    <record id="ir_cron_shopify_queue_data_process" model="ir.cron">
        <field name="name">Shopify : Process Queue Manually</field>
        <field name="model_id" ref="rcs_shopify_connector.model_shopify_queue"/>
        <field name="state">code</field>
        <field name="code">model.cron_all_record_completed()</field>
        <field name="active" eval="True"/>
        <field name="interval_number">1</field>
        <field name="interval_type">days</field>
        <field name="numbercall">-1</field>
        <field name="priority">5</field>
    </record>
</odoo>